[{"pos_x": 29.808796, "pos_y": -31.631586, "rotation": 3.0, "side": "top", "designator": "K_24", "mpn": null, "pack": "SW_Hotswap_Kailh_Choc_V1V2_1.00u", "value": "KEYSW", "mount_type": "smt"}, {"pos_x": 92.214984, "pos_y": -109.956481, "rotation": 1.0, "side": "top", "designator": "K_40", "mpn": null, "pack": "SW_Hotswap_Kailh_Choc_V1V2_1.00u", "value": "KEYSW", "mount_type": "smt"}, {"pos_x": 18.0, "pos_y": -18.0, "rotation": 0.0, "side": "top", "designator": "MH_TL", "mpn": null, "pack": "MountingHole_2.2mm_M2", "value": "MountingHole_2.2mm_M2", "mount_type": null}, {"pos_x": 195.545, "pos_y": -41.0, "rotation": 0.0, "side": "top", "designator": "RPi_Pico1", "mpn": null, "pack": "RPi_Pico_SMD_TH", "value": "Pico", "mount_type": "tht"}, {"pos_x": 131.088418, "pos_y": -110.51483, "rotation": -1.0, "side": "top", "designator": "K_10", "mpn": null, "pack": "SW_Hotswap_Kailh_Choc_V1V2_1.00u", "value": "KEYSW", "mount_type": "smt"}, {"pos_x": 131.071257, "pos_y": -30.546708, "rotation": -2.0, "side": "top", "designator": "K_11", "mpn": null, "pack": "SW_Hotswap_Kailh_Choc_V1V2_1.00u", "value": "KEYSW", "mount_type": "smt"}, {"pos_x": 50.18226, "pos_y": -51.866671, "rotation": 2.0, "side": "top", "designator": "K_31", "mpn": null, "pack": "SW_Hotswap_Kailh_Choc_V1V2_1.00u", "value": "KEYSW", "mount_type": "smt"}, {"pos_x": 146.039411, "pos_y": -131.730519, "rotation": -3.0, "side": "top", "designator": "K_21", "mpn": null, "pack": "SW_Hotswap_Kailh_Choc_V1V2_2.75u", "value": "KEYSW", "mount_type": "smt"}, {"pos_x": 88.7825, "pos_y": -50.636, "rotation": 0.0, "side": "top", "designator": "K_1", "mpn": null, "pack": "SW_Hotswap_Kailh_Choc_V1V2_1.00u", "value": "KEYSW", "mount_type": "smt"}, {"pos_x": 166.302045, "pos_y": -52.99231, "rotation": -4.0, "side": "top", "designator": "K_23", "mpn": null, "pack": "SW_Hotswap_Kailh_Choc_V1V2_1.00u", "value": "KEYSW", "mount_type": "smt"}, {"pos_x": 146.87769, "pos_y": -52.036173, "rotation": -3.0, "side": "top", "designator": "K_17", "mpn": null, "pack": "SW_Hotswap_Kailh_Choc_V1V2_1.00u", "value": "KEYSW", "mount_type": "smt"}, {"pos_x": 80.285662, "pos_y": -70.534672, "rotation": 1.0, "side": "top", "designator": "K_38", "mpn": null, "pack": "SW_Hotswap_Kailh_Choc_V1V2_1.00u", "value": "KEYSW", "mount_type": "smt"}, {"pos_x": 86.345558, "pos_y": -90.243914, "rotation": 1.0, "side": "top", "designator": "K_39", "mpn": null, "pack": "SW_Hotswap_Kailh_Choc_V1V2_1.00u", "value": "KEYSW", "mount_type": "smt"}, {"pos_x": 163.847763, "pos_y": -92.222392, "rotation": -3.0, "side": "top", "designator": "K_19", "mpn": null, "pack": "SW_Hotswap_Kailh_Choc_V1V2_1.00u", "value": "KEYSW", "mount_type": "smt"}, {"pos_x": 64.758429, "pos_y": -130.844581, "rotation": 2.0, "side": "top", "designator": "K_35", "mpn": null, "pack": "SW_Hotswap_Kailh_Choc_V1V2_1.00u", "value": "KEYSW", "mount_type": "smt"}, {"pos_x": 109.634916, "pos_y": -29.737111, "rotation": -1.0, "side": "top", "designator": "K_6", "mpn": null, "pack": "SW_Hotswap_Kailh_Choc_V1V2_1.00u", "value": "KEYSW", "mount_type": "smt"}, {"pos_x": 36.708319, "pos_y": -72.283706, "rotation": 3.0, "side": "top", "designator": "K_26", "mpn": null, "pack": "SW_Hotswap_Kailh_Choc_V1V2_1.50u", "value": "KEYSW", "mount_type": "smt"}, {"pos_x": 108.12305, "pos_y": -50.859443, "rotation": -1.0, "side": "top", "designator": "K_7", "mpn": null, "pack": "SW_Hotswap_Kailh_Choc_V1V2_1.00u", "value": "KEYSW", "mount_type": "smt"}, {"pos_x": 72.62763, "pos_y": -110.55509, "rotation": 2.0, "side": "top", "designator": "K_34", "mpn": null, "pack": "SW_Hotswap_Kailh_Choc_V1V2_1.00u", "value": "KEYSW", "mount_type": "smt"}, {"pos_x": 43.557992, "pos_y": -111.984631, "rotation": 3.0, "side": "top", "designator": "ST_28", "mpn": null, "pack": "Stab-PG1350-2u.kicad_mod", "value": "Choc", "mount_type": "tht"}, {"pos_x": 212.0, "pos_y": -142.0, "rotation": 0.0, "side": "top", "designator": "MH_BR", "mpn": null, "pack": "MountingHole_2.2mm_M2", "value": "MountingHole_2.2mm_M2", "mount_type": null}, {"pos_x": 119.018396, "pos_y": -70.674111, "rotation": -1.0, "side": "top", "designator": "K_8", "mpn": null, "pack": "SW_Hotswap_Kailh_Choc_V1V2_1.00u", "value": "KEYSW", "mount_type": "smt"}, {"pos_x": 84.75809, "pos_y": -130.282718, "rotation": 1.0, "side": "top", "designator": "K_41", "mpn": null, "pack": "SW_Hotswap_Kailh_Choc_V1V2_1.00u", "value": "KEYSW", "mount_type": "smt"}, {"pos_x": 66.789186, "pos_y": -90.744281, "rotation": 2.0, "side": "top", "designator": "K_33", "mpn": null, "pack": "SW_Hotswap_Kailh_Choc_V1V2_1.00u", "value": "KEYSW", "mount_type": "smt"}, {"pos_x": 43.557992, "pos_y": -111.984631, "rotation": 3.0, "side": "top", "designator": "K_28", "mpn": null, "pack": "SW_Hotswap_Kailh_Choc_V1V2_2.00u", "value": "KEYSW", "mount_type": "smt"}, {"pos_x": 69.467315, "pos_y": -51.099018, "rotation": 1.0, "side": "top", "designator": "K_37", "mpn": null, "pack": "SW_Hotswap_Kailh_Choc_V1V2_1.00u", "value": "KEYSW", "mount_type": "smt"}, {"pos_x": 111.6425, "pos_y": -109.8815, "rotation": 0.0, "side": "top", "designator": "K_4", "mpn": null, "pack": "SW_Hotswap_Kailh_Choc_V1V2_1.00u", "value": "KEYSW", "mount_type": "smt"}, {"pos_x": 90.3065, "pos_y": -29.681, "rotation": 0.0, "side": "top", "designator": "K_0", "mpn": null, "pack": "SW_Hotswap_Kailh_Choc_V1V2_1.00u", "value": "KEYSW", "mount_type": "smt"}, {"pos_x": 39.848869, "pos_y": -132.208968, "rotation": 3.0, "side": "top", "designator": "K_29", "mpn": null, "pack": "SW_Hotswap_Kailh_Choc_V1V2_1.50u", "value": "KEYSW", "mount_type": "smt"}, {"pos_x": 51.341484, "pos_y": -30.477184, "rotation": 2.0, "side": "top", "designator": "K_30", "mpn": null, "pack": "SW_Hotswap_Kailh_Choc_V1V2_1.00u", "value": "KEYSW", "mount_type": "smt"}, {"pos_x": 106.97525, "pos_y": -130.265, "rotation": 0.0, "side": "top", "designator": "K_5", "mpn": null, "pack": "SW_Hotswap_Kailh_Choc_V1V2_1.25u", "value": "KEYSW", "mount_type": "smt"}, {"pos_x": 60.95739, "pos_y": -71.123855, "rotation": 2.0, "side": "top", "designator": "K_32", "mpn": null, "pack": "SW_Hotswap_Kailh_Choc_V1V2_1.00u", "value": "KEYSW", "mount_type": "smt"}, {"pos_x": 150.553871, "pos_y": -111.285827, "rotation": -2.0, "side": "top", "designator": "K_15", "mpn": null, "pack": "SW_Hotswap_Kailh_Choc_V1V2_1.00u", "value": "KEYSW", "mount_type": "smt"}, {"pos_x": 40.133156, "pos_y": -92.134169, "rotation": 3.0, "side": "top", "designator": "K_27", "mpn": null, "pack": "SW_Hotswap_Kailh_Choc_V1V2_1.75u", "value": "KEYSW", "mount_type": "smt"}, {"pos_x": 169.624285, "pos_y": -32.791349, "rotation": -4.0, "side": "top", "designator": "K_22", "mpn": null, "pack": "SW_Hotswap_Kailh_Choc_V1V2_1.00u", "value": "KEYSW", "mount_type": "smt"}, {"pos_x": 70.622043, "pos_y": -29.93014, "rotation": 1.0, "side": "top", "designator": "K_36", "mpn": null, "pack": "SW_Hotswap_Kailh_Choc_V1V2_1.00u", "value": "KEYSW", "mount_type": "smt"}, {"pos_x": 146.039411, "pos_y": -131.730519, "rotation": -3.0, "side": "top", "designator": "ST_21", "mpn": null, "pack": "Stab-PG1350-2u.kicad_mod", "value": "Choc", "mount_type": "tht"}, {"pos_x": 158.026071, "pos_y": -72.268862, "rotation": -3.0, "side": "top", "designator": "K_18", "mpn": null, "pack": "SW_Hotswap_Kailh_Choc_V1V2_1.00u", "value": "KEYSW", "mount_type": "smt"}, {"pos_x": 99.641, "pos_y": -70.448, "rotation": 0.0, "side": "top", "designator": "K_2", "mpn": null, "pack": "SW_Hotswap_Kailh_Choc_V1V2_1.00u", "value": "KEYSW", "mount_type": "smt"}, {"pos_x": 212.0, "pos_y": -18.0, "rotation": 0.0, "side": "top", "designator": "MH_TR", "mpn": null, "pack": "MountingHole_2.2mm_M2", "value": "MountingHole_2.2mm_M2", "mount_type": null}, {"pos_x": 170.059902, "pos_y": -112.005622, "rotation": -3.0, "side": "top", "designator": "K_20", "mpn": null, "pack": "SW_Hotswap_Kailh_Choc_V1V2_1.00u", "value": "KEYSW", "mount_type": "smt"}, {"pos_x": 30.935406, "pos_y": -53.128586, "rotation": 3.0, "side": "top", "designator": "K_25", "mpn": null, "pack": "SW_Hotswap_Kailh_Choc_V1V2_1.00u", "value": "KEYSW", "mount_type": "smt"}, {"pos_x": 105.737, "pos_y": -90.0695, "rotation": 0.0, "side": "top", "designator": "K_3", "mpn": null, "pack": "SW_Hotswap_Kailh_Choc_V1V2_1.00u", "value": "KEYSW", "mount_type": "smt"}, {"pos_x": 124.958171, "pos_y": -90.592808, "rotation": -1.0, "side": "top", "designator": "K_9", "mpn": null, "pack": "SW_Hotswap_Kailh_Choc_V1V2_1.00u", "value": "KEYSW", "mount_type": "smt"}, {"pos_x": 138.419468, "pos_y": -71.213932, "rotation": -2.0, "side": "top", "designator": "K_13", "mpn": null, "pack": "SW_Hotswap_Kailh_Choc_V1V2_1.00u", "value": "KEYSW", "mount_type": "smt"}, {"pos_x": 144.391477, "pos_y": -91.246555, "rotation": -2.0, "side": "top", "designator": "K_14", "mpn": null, "pack": "SW_Hotswap_Kailh_Choc_V1V2_1.00u", "value": "KEYSW", "mount_type": "smt"}, {"pos_x": 211.75, "pos_y": -62.75, "rotation": 90.0, "side": "top", "designator": "KBLink1", "mpn": null, "pack": "JST_SH_SM04B-SRSS-TB_1x04-1MP_P1.00mm_Horizontal", "value": "Conn_01x04_Male", "mount_type": "smt"}, {"pos_x": 18.0, "pos_y": -142.0, "rotation": 0.0, "side": "top", "designator": "MH_BL", "mpn": null, "pack": "MountingHole_2.2mm_M2", "value": "MountingHole_2.2mm_M2", "mount_type": null}, {"pos_x": 150.247287, "pos_y": -31.41977, "rotation": -3.0, "side": "top", "designator": "K_16", "mpn": null, "pack": "SW_Hotswap_Kailh_Choc_V1V2_1.00u", "value": "KEYSW", "mount_type": "smt"}, {"pos_x": 127.490827, "pos_y": -51.198835, "rotation": -2.0, "side": "top", "designator": "K_12", "mpn": null, "pack": "SW_Hotswap_Kailh_Choc_V1V2_1.00u", "value": "KEYSW", "mount_type": "smt"}, {"pos_x": 107.641, "pos_y": -70.448, "rotation": 90.0, "side": "bottom", "designator": "D_2", "mpn": null, "pack": "D_SOD-123", "value": "D", "mount_type": "smt"}, {"pos_x": 152.386604, "pos_y": -91.525751, "rotation": 88.0, "side": "bottom", "designator": "D_14", "mpn": null, "pack": "D_SOD-123", "value": "D", "mount_type": "smt"}, {"pos_x": 139.066384, "pos_y": -30.825904, "rotation": 88.0, "side": "bottom", "designator": "D_11", "mpn": null, "pack": "D_SOD-123", "value": "D", "mount_type": "smt"}, {"pos_x": 51.547029, "pos_y": -111.565943, "rotation": 93.0, "side": "bottom", "designator": "D_28", "mpn": null, "pack": "D_SOD-123", "value": "D", "mount_type": "smt"}, {"pos_x": 146.414594, "pos_y": -71.493128, "rotation": 88.0, "side": "bottom", "designator": "D_13", "mpn": null, "pack": "D_SOD-123", "value": "D", "mount_type": "smt"}, {"pos_x": 77.466097, "pos_y": -50.959399, "rotation": 91.0, "side": "bottom", "designator": "D_37", "mpn": null, "pack": "D_SOD-123", "value": "D", "mount_type": "smt"}, {"pos_x": 44.697356, "pos_y": -71.865019, "rotation": 93.0, "side": "bottom", "designator": "D_26", "mpn": null, "pack": "D_SOD-123", "value": "D", "mount_type": "smt"}, {"pos_x": 119.6425, "pos_y": -109.8815, "rotation": 90.0, "side": "bottom", "designator": "D_4", "mpn": null, "pack": "D_SOD-123", "value": "D", "mount_type": "smt"}, {"pos_x": 38.924443, "pos_y": -52.709898, "rotation": 93.0, "side": "bottom", "designator": "D_25", "mpn": null, "pack": "D_SOD-123", "value": "D", "mount_type": "smt"}, {"pos_x": 37.797833, "pos_y": -31.212899, "rotation": 93.0, "side": "bottom", "designator": "D_24", "mpn": null, "pack": "D_SOD-123", "value": "D", "mount_type": "smt"}, {"pos_x": 166.015108, "pos_y": -72.68755, "rotation": 87.0, "side": "bottom", "designator": "D_18", "mpn": null, "pack": "D_SOD-123", "value": "D", "mount_type": "smt"}, {"pos_x": 177.604798, "pos_y": -33.349401, "rotation": 86.0, "side": "bottom", "designator": "D_22", "mpn": null, "pack": "D_SOD-123", "value": "D", "mount_type": "smt"}, {"pos_x": 158.548997, "pos_y": -111.565023, "rotation": 88.0, "side": "bottom", "designator": "D_15", "mpn": null, "pack": "D_SOD-123", "value": "D", "mount_type": "smt"}, {"pos_x": 58.177387, "pos_y": -51.587475, "rotation": 92.0, "side": "bottom", "designator": "D_31", "mpn": null, "pack": "D_SOD-123", "value": "D", "mount_type": "smt"}, {"pos_x": 139.087199, "pos_y": -110.654449, "rotation": 89.0, "side": "bottom", "designator": "D_10", "mpn": null, "pack": "D_SOD-123", "value": "D", "mount_type": "smt"}, {"pos_x": 94.34434, "pos_y": -90.104295, "rotation": 91.0, "side": "bottom", "designator": "D_39", "mpn": null, "pack": "D_SOD-123", "value": "D", "mount_type": "smt"}, {"pos_x": 178.048938, "pos_y": -112.42431, "rotation": 87.0, "side": "bottom", "designator": "D_20", "mpn": null, "pack": "D_SOD-123", "value": "D", "mount_type": "smt"}, {"pos_x": 135.485954, "pos_y": -51.478031, "rotation": 88.0, "side": "bottom", "designator": "D_12", "mpn": null, "pack": "D_SOD-123", "value": "D", "mount_type": "smt"}, {"pos_x": 92.756872, "pos_y": -130.143098, "rotation": 91.0, "side": "bottom", "designator": "D_41", "mpn": null, "pack": "D_SOD-123", "value": "D", "mount_type": "smt"}, {"pos_x": 80.622756, "pos_y": -110.275894, "rotation": 92.0, "side": "bottom", "designator": "D_34", "mpn": null, "pack": "D_SOD-123", "value": "D", "mount_type": "smt"}, {"pos_x": 113.737, "pos_y": -90.0695, "rotation": 90.0, "side": "bottom", "designator": "D_3", "mpn": null, "pack": "D_SOD-123", "value": "D", "mount_type": "smt"}, {"pos_x": 127.017177, "pos_y": -70.813731, "rotation": 89.0, "side": "bottom", "designator": "D_8", "mpn": null, "pack": "D_SOD-123", "value": "D", "mount_type": "smt"}, {"pos_x": 154.866726, "pos_y": -52.454861, "rotation": 87.0, "side": "bottom", "designator": "D_17", "mpn": null, "pack": "D_SOD-123", "value": "D", "mount_type": "smt"}, {"pos_x": 88.284443, "pos_y": -70.395053, "rotation": 91.0, "side": "bottom", "designator": "D_38", "mpn": null, "pack": "D_SOD-123", "value": "D", "mount_type": "smt"}, {"pos_x": 154.028448, "pos_y": -132.149207, "rotation": 87.0, "side": "bottom", "designator": "D_21", "mpn": null, "pack": "D_SOD-123", "value": "D", "mount_type": "smt"}, {"pos_x": 132.956953, "pos_y": -90.732428, "rotation": 89.0, "side": "bottom", "designator": "D_9", "mpn": null, "pack": "D_SOD-123", "value": "D", "mount_type": "smt"}, {"pos_x": 74.784313, "pos_y": -90.465085, "rotation": 92.0, "side": "bottom", "designator": "D_33", "mpn": null, "pack": "D_SOD-123", "value": "D", "mount_type": "smt"}, {"pos_x": 158.236323, "pos_y": -31.838458, "rotation": 87.0, "side": "bottom", "designator": "D_16", "mpn": null, "pack": "D_SOD-123", "value": "D", "mount_type": "smt"}, {"pos_x": 116.121832, "pos_y": -50.999063, "rotation": 89.0, "side": "bottom", "designator": "D_7", "mpn": null, "pack": "D_SOD-123", "value": "D", "mount_type": "smt"}, {"pos_x": 78.620825, "pos_y": -29.790521, "rotation": 91.0, "side": "bottom", "designator": "D_36", "mpn": null, "pack": "D_SOD-123", "value": "D", "mount_type": "smt"}, {"pos_x": 48.122192, "pos_y": -91.715481, "rotation": 93.0, "side": "bottom", "designator": "D_27", "mpn": null, "pack": "D_SOD-123", "value": "D", "mount_type": "smt"}, {"pos_x": 59.336611, "pos_y": -30.197988, "rotation": 92.0, "side": "bottom", "designator": "D_30", "mpn": null, "pack": "D_SOD-123", "value": "D", "mount_type": "smt"}, {"pos_x": 96.7825, "pos_y": -50.636, "rotation": 90.0, "side": "bottom", "designator": "D_1", "mpn": null, "pack": "D_SOD-123", "value": "D", "mount_type": "smt"}, {"pos_x": 68.952517, "pos_y": -70.844659, "rotation": 92.0, "side": "bottom", "designator": "D_32", "mpn": null, "pack": "D_SOD-123", "value": "D", "mount_type": "smt"}, {"pos_x": 72.753556, "pos_y": -130.565385, "rotation": 92.0, "side": "bottom", "designator": "D_35", "mpn": null, "pack": "D_SOD-123", "value": "D", "mount_type": "smt"}, {"pos_x": 174.282557, "pos_y": -53.550362, "rotation": 86.0, "side": "bottom", "designator": "D_23", "mpn": null, "pack": "D_SOD-123", "value": "D", "mount_type": "smt"}, {"pos_x": 98.3065, "pos_y": -29.681, "rotation": 90.0, "side": "bottom", "designator": "D_0", "mpn": null, "pack": "D_SOD-123", "value": "D", "mount_type": "smt"}, {"pos_x": 171.836799, "pos_y": -92.641079, "rotation": 87.0, "side": "bottom", "designator": "D_19", "mpn": null, "pack": "D_SOD-123", "value": "D", "mount_type": "smt"}, {"pos_x": 117.633697, "pos_y": -29.87673, "rotation": 89.0, "side": "bottom", "designator": "D_6", "mpn": null, "pack": "D_SOD-123", "value": "D", "mount_type": "smt"}, {"pos_x": 47.837906, "pos_y": -131.790281, "rotation": 93.0, "side": "bottom", "designator": "D_29", "mpn": null, "pack": "D_SOD-123", "value": "D", "mount_type": "smt"}, {"pos_x": 100.213766, "pos_y": -109.816862, "rotation": 91.0, "side": "bottom", "designator": "D_40", "mpn": null, "pack": "D_SOD-123", "value": "D", "mount_type": "smt"}, {"pos_x": 114.97525, "pos_y": -130.265, "rotation": 90.0, "side": "bottom", "designator": "D_5", "mpn": null, "pack": "D_SOD-123", "value": "D", "mount_type": "smt"}]