[{"pos_x": 183.858729, "pos_y": -36.236653, "rotation": -3.0, "side": "top", "designator": "K_18", "mpn": null, "pack": "SW_Hotswap_Kailh_Choc_V1V2_1.00u", "value": "KEYSW", "mount_type": "smt"}, {"pos_x": 229.286925, "pos_y": -39.298877, "rotation": -4.0, "side": "top", "designator": "K_25", "mpn": null, "pack": "SW_Hotswap_Kailh_Choc_V1V2_1.00u", "value": "KEYSW", "mount_type": "smt"}, {"pos_x": 73.865582, "pos_y": -116.041368, "rotation": 3.0, "side": "top", "designator": "K_42", "mpn": null, "pack": "SW_Hotswap_Kailh_Choc_V1V2_1.00u", "value": "KEYSW", "mount_type": "smt"}, {"pos_x": 245.460046, "pos_y": -81.105396, "rotation": -4.0, "side": "top", "designator": "K_30", "mpn": null, "pack": "SW_Hotswap_Kailh_Choc_V1V2_1.00u", "value": "KEYSW", "mount_type": "smt"}, {"pos_x": 178.871565, "pos_y": -76.798234, "rotation": -3.0, "side": "top", "designator": "K_20", "mpn": null, "pack": "SW_Hotswap_Kailh_Choc_V1V2_1.00u", "value": "KEYSW", "mount_type": "smt"}, {"pos_x": 112.661515, "pos_y": -114.763, "rotation": 1.0, "side": "top", "designator": "K_53", "mpn": null, "pack": "SW_Hotswap_Kailh_Choc_V1V2_1.00u", "value": "KEYSW", "mount_type": "smt"}, {"pos_x": 107.05956, "pos_y": -55.796787, "rotation": 1.0, "side": "top", "designator": "K_50", "mpn": null, "pack": "SW_Hotswap_Kailh_Choc_V1V2_1.00u", "value": "KEYSW", "mount_type": "smt"}, {"pos_x": 93.255688, "pos_y": -115.334258, "rotation": 2.0, "side": "top", "designator": "K_47", "mpn": null, "pack": "SW_Hotswap_Kailh_Choc_V1V2_1.00u", "value": "KEYSW", "mount_type": "smt"}, {"pos_x": 203.346676, "pos_y": -137.168783, "rotation": -4.0, "side": "top", "designator": "K_35", "mpn": null, "pack": "SW_Hotswap_Kailh_Choc_V1V2_1.00u", "value": "KEYSW", "mount_type": "smt"}, {"pos_x": 125.617201, "pos_y": -34.698902, "rotation": 0.0, "side": "top", "designator": "K_0", "mpn": null, "pack": "SW_Hotswap_Kailh_Choc_V1V2_1.00u", "value": "KEYSW", "mount_type": "smt"}, {"pos_x": 125.617201, "pos_y": -95.087402, "rotation": 0.0, "side": "top", "designator": "K_3", "mpn": null, "pack": "SW_Hotswap_Kailh_Choc_V1V2_1.00u", "value": "KEYSW", "mount_type": "smt"}, {"pos_x": 132.284701, "pos_y": -114.899402, "rotation": 0.0, "side": "top", "designator": "K_4", "mpn": null, "pack": "SW_Hotswap_Kailh_Choc_V1V2_1.00u", "value": "KEYSW", "mount_type": "smt"}, {"pos_x": 244.09132, "pos_y": -100.679099, "rotation": -4.0, "side": "top", "designator": "K_32", "mpn": null, "pack": "SW_Hotswap_Kailh_Choc_V1V2_1.00u", "value": "KEYSW", "mount_type": "smt"}, {"pos_x": 23.0, "pos_y": -151.0, "rotation": 0.0, "side": "top", "designator": "MH_BL", "mpn": null, "pack": "MountingHole_2.2mm_M2", "value": "MountingHole_2.2mm_M2", "mount_type": null}, {"pos_x": 184.464209, "pos_y": -57.442905, "rotation": -3.0, "side": "top", "designator": "K_19", "mpn": null, "pack": "SW_Hotswap_Kailh_Choc_V1V2_1.00u", "value": "KEYSW", "mount_type": "smt"}, {"pos_x": 223.718998, "pos_y": -118.923941, "rotation": -4.0, "side": "top", "designator": "K_33", "mpn": null, "pack": "SW_Hotswap_Kailh_Choc_V1V2_1.00u", "value": "KEYSW", "mount_type": "smt"}, {"pos_x": 222.350271, "pos_y": -138.497644, "rotation": -4.0, "side": "top", "designator": "K_36", "mpn": null, "pack": "SW_Hotswap_Kailh_Choc_V1V2_1.00u", "value": "KEYSW", "mount_type": "smt"}, {"pos_x": 84.364445, "pos_y": -35.39536, "rotation": 2.0, "side": "top", "designator": "K_43", "mpn": null, "pack": "SW_Hotswap_Kailh_Choc_V1V2_1.00u", "value": "KEYSW", "mount_type": "smt"}, {"pos_x": 39.0, "pos_y": -46.0, "rotation": 0.0, "side": "top", "designator": "RPi_Pico1", "mpn": null, "pack": "RPi_Pico_SMD_TH", "value": "Pico", "mount_type": "tht"}, {"pos_x": 86.478621, "pos_y": -95.937458, "rotation": 2.0, "side": "top", "designator": "K_46", "mpn": null, "pack": "SW_Hotswap_Kailh_Choc_V1V2_1.00u", "value": "KEYSW", "mount_type": "smt"}, {"pos_x": 126.569701, "pos_y": -55.653902, "rotation": 0.0, "side": "top", "designator": "K_1", "mpn": null, "pack": "SW_Hotswap_Kailh_Choc_V1V2_1.00u", "value": "KEYSW", "mount_type": "smt"}, {"pos_x": 178.214347, "pos_y": -136.230884, "rotation": -2.0, "side": "top", "designator": "K_17", "mpn": null, "pack": "SW_Hotswap_Kailh_Choc_V1V2_1.25u", "value": "KEYSW", "mount_type": "smt"}, {"pos_x": 100.929313, "pos_y": -75.718809, "rotation": 1.0, "side": "top", "designator": "K_51", "mpn": null, "pack": "SW_Hotswap_Kailh_Choc_V1V2_1.00u", "value": "KEYSW", "mount_type": "smt"}, {"pos_x": 64.722, "pos_y": -36.21, "rotation": 3.0, "side": "top", "designator": "K_38", "mpn": null, "pack": "SW_Hotswap_Kailh_Choc_V1V2_1.00u", "value": "KEYSW", "mount_type": "smt"}, {"pos_x": 145.03041, "pos_y": -95.434502, "rotation": -1.0, "side": "top", "designator": "K_9", "mpn": null, "pack": "SW_Hotswap_Kailh_Choc_V1V2_1.00u", "value": "KEYSW", "mount_type": "smt"}, {"pos_x": 246.828773, "pos_y": -61.531693, "rotation": -4.0, "side": "top", "designator": "K_28", "mpn": null, "pack": "SW_Hotswap_Kailh_Choc_V1V2_1.00u", "value": "KEYSW", "mount_type": "smt"}, {"pos_x": 260.0, "pos_y": -23.0, "rotation": 0.0, "side": "top", "designator": "MH_TR", "mpn": null, "pack": "MountingHole_2.2mm_M2", "value": "MountingHole_2.2mm_M2", "mount_type": null}, {"pos_x": 139.852519, "pos_y": -75.529104, "rotation": -1.0, "side": "top", "designator": "K_8", "mpn": null, "pack": "SW_Hotswap_Kailh_Choc_V1V2_1.00u", "value": "KEYSW", "mount_type": "smt"}, {"pos_x": 197.26843, "pos_y": -117.059228, "rotation": -3.0, "side": "top", "designator": "K_23", "mpn": null, "pack": "SW_Hotswap_Kailh_Choc_V1V2_1.75u", "value": "KEYSW", "mount_type": "smt"}, {"pos_x": 68.111538, "pos_y": -57.206881, "rotation": 3.0, "side": "top", "designator": "K_39", "mpn": null, "pack": "SW_Hotswap_Kailh_Choc_V1V2_1.00u", "value": "KEYSW", "mount_type": "smt"}, {"pos_x": 215.947931, "pos_y": -59.372294, "rotation": -4.0, "side": "top", "designator": "ST_27", "mpn": null, "pack": "Stab-PG1350-2u.kicad_mod", "value": "Choc", "mount_type": "tht"}, {"pos_x": 23.25, "pos_y": -47.5, "rotation": -90.0, "side": "top", "designator": "KBLink1", "mpn": null, "pack": "JST_SH_SM04B-SRSS-TB_1x04-1MP_P1.00mm_Horizontal", "value": "Conn_01x04_Male", "mount_type": "smt"}, {"pos_x": 159.448239, "pos_y": -75.912713, "rotation": -2.0, "side": "top", "designator": "K_14", "mpn": null, "pack": "SW_Hotswap_Kailh_Choc_V1V2_1.00u", "value": "KEYSW", "mount_type": "smt"}, {"pos_x": 120.473701, "pos_y": -75.465902, "rotation": 0.0, "side": "top", "designator": "K_2", "mpn": null, "pack": "SW_Hotswap_Kailh_Choc_V1V2_1.00u", "value": "KEYSW", "mount_type": "smt"}, {"pos_x": 88.554416, "pos_y": -136.275587, "rotation": 2.0, "side": "top", "designator": "K_48", "mpn": null, "pack": "SW_Hotswap_Kailh_Choc_V1V2_2.75u", "value": "KEYSW", "mount_type": "smt"}, {"pos_x": 165.083002, "pos_y": -56.476023, "rotation": -2.0, "side": "top", "designator": "K_13", "mpn": null, "pack": "SW_Hotswap_Kailh_Choc_V1V2_1.00u", "value": "KEYSW", "mount_type": "smt"}, {"pos_x": 260.0, "pos_y": -151.0, "rotation": 0.0, "side": "top", "designator": "MH_BR", "mpn": null, "pack": "MountingHole_2.2mm_M2", "value": "MountingHole_2.2mm_M2", "mount_type": null}, {"pos_x": 215.585927, "pos_y": -98.685808, "rotation": -4.0, "side": "top", "designator": "K_31", "mpn": null, "pack": "SW_Hotswap_Kailh_Choc_V1V2_2.00u", "value": "KEYSW", "mount_type": "smt"}, {"pos_x": 106.033531, "pos_y": -95.254203, "rotation": 1.0, "side": "top", "designator": "K_52", "mpn": null, "pack": "SW_Hotswap_Kailh_Choc_V1V2_1.00u", "value": "KEYSW", "mount_type": "smt"}, {"pos_x": 164.481634, "pos_y": -35.487249, "rotation": -2.0, "side": "top", "designator": "K_12", "mpn": null, "pack": "SW_Hotswap_Kailh_Choc_V1V2_1.00u", "value": "KEYSW", "mount_type": "smt"}, {"pos_x": 248.29052, "pos_y": -40.627738, "rotation": -4.0, "side": "top", "designator": "K_26", "mpn": null, "pack": "SW_Hotswap_Kailh_Choc_V1V2_1.00u", "value": "KEYSW", "mount_type": "smt"}, {"pos_x": 130.379701, "pos_y": -135.282902, "rotation": 0.0, "side": "top", "designator": "K_5", "mpn": null, "pack": "SW_Hotswap_Kailh_Choc_V1V2_1.50u", "value": "KEYSW", "mount_type": "smt"}, {"pos_x": 197.26843, "pos_y": -117.059228, "rotation": -3.0, "side": "top", "designator": "ST_23", "mpn": null, "pack": "Stab-PG1350-2u.kicad_mod", "value": "Choc", "mount_type": "tht"}, {"pos_x": 242.722593, "pos_y": -120.252802, "rotation": -4.0, "side": "top", "designator": "K_34", "mpn": null, "pack": "SW_Hotswap_Kailh_Choc_V1V2_1.00u", "value": "KEYSW", "mount_type": "smt"}, {"pos_x": 198.085696, "pos_y": -77.805204, "rotation": -3.0, "side": "top", "designator": "K_21", "mpn": null, "pack": "SW_Hotswap_Kailh_Choc_V1V2_1.00u", "value": "KEYSW", "mount_type": "smt"}, {"pos_x": 88.554416, "pos_y": -136.275587, "rotation": 2.0, "side": "top", "designator": "ST_48", "mpn": null, "pack": "Stab-PG1350-2u.kicad_mod", "value": "Choc", "mount_type": "tht"}, {"pos_x": 170.827755, "pos_y": -115.76763, "rotation": -2.0, "side": "top", "designator": "K_16", "mpn": null, "pack": "SW_Hotswap_Kailh_Choc_V1V2_1.00u", "value": "KEYSW", "mount_type": "smt"}, {"pos_x": 241.353866, "pos_y": -139.826505, "rotation": -4.0, "side": "top", "designator": "K_37", "mpn": null, "pack": "SW_Hotswap_Kailh_Choc_V1V2_1.00u", "value": "KEYSW", "mount_type": "smt"}, {"pos_x": 104.027251, "pos_y": -34.891524, "rotation": 1.0, "side": "top", "designator": "K_49", "mpn": null, "pack": "SW_Hotswap_Kailh_Choc_V1V2_1.00u", "value": "KEYSW", "mount_type": "smt"}, {"pos_x": 22.812, "pos_y": -22.748, "rotation": 0.0, "side": "top", "designator": "MH_LT", "mpn": null, "pack": "MountingHole_2.2mm_M2", "value": "MountingHole_2.2mm_M2", "mount_type": null}, {"pos_x": 145.71862, "pos_y": -56.007008, "rotation": -1.0, "side": "top", "designator": "K_7", "mpn": null, "pack": "SW_Hotswap_Kailh_Choc_V1V2_1.00u", "value": "KEYSW", "mount_type": "smt"}, {"pos_x": 184.11257, "pos_y": -96.912093, "rotation": -3.0, "side": "top", "designator": "K_22", "mpn": null, "pack": "SW_Hotswap_Kailh_Choc_V1V2_1.00u", "value": "KEYSW", "mount_type": "smt"}, {"pos_x": 221.705552, "pos_y": -79.44432, "rotation": -4.0, "side": "top", "designator": "K_29", "mpn": null, "pack": "SW_Hotswap_Kailh_Choc_V1V2_1.50u", "value": "KEYSW", "mount_type": "smt"}, {"pos_x": 144.941509, "pos_y": -35.035251, "rotation": -1.0, "side": "top", "designator": "K_6", "mpn": null, "pack": "SW_Hotswap_Kailh_Choc_V1V2_1.00u", "value": "KEYSW", "mount_type": "smt"}, {"pos_x": 215.947931, "pos_y": -59.372294, "rotation": -4.0, "side": "top", "designator": "K_27", "mpn": null, "pack": "SW_Hotswap_Kailh_Choc_V1V2_2.25u", "value": "KEYSW", "mount_type": "smt"}, {"pos_x": 210.283329, "pos_y": -37.970017, "rotation": -4.0, "side": "top", "designator": "K_24", "mpn": null, "pack": "SW_Hotswap_Kailh_Choc_V1V2_1.00u", "value": "KEYSW", "mount_type": "smt"}, {"pos_x": 155.379544, "pos_y": -135.626241, "rotation": -1.0, "side": "top", "designator": "K_11", "mpn": null, "pack": "SW_Hotswap_Kailh_Choc_V1V2_1.00u", "value": "KEYSW", "mount_type": "smt"}, {"pos_x": 87.577403, "pos_y": -56.441552, "rotation": 2.0, "side": "top", "designator": "K_44", "mpn": null, "pack": "SW_Hotswap_Kailh_Choc_V1V2_1.00u", "value": "KEYSW", "mount_type": "smt"}, {"pos_x": 215.585927, "pos_y": -98.685808, "rotation": -4.0, "side": "top", "designator": "ST_31", "mpn": null, "pack": "Stab-PG1350-2u.kicad_mod", "value": "Choc", "mount_type": "tht"}, {"pos_x": 164.658713, "pos_y": -95.918743, "rotation": -2.0, "side": "top", "designator": "K_15", "mpn": null, "pack": "SW_Hotswap_Kailh_Choc_V1V2_1.00u", "value": "KEYSW", "mount_type": "smt"}, {"pos_x": 66.941266, "pos_y": -96.755829, "rotation": 3.0, "side": "top", "designator": "K_41", "mpn": null, "pack": "SW_Hotswap_Kailh_Choc_V1V2_1.00u", "value": "KEYSW", "mount_type": "smt"}, {"pos_x": 62.099607, "pos_y": -77.170381, "rotation": 3.0, "side": "top", "designator": "K_40", "mpn": null, "pack": "SW_Hotswap_Kailh_Choc_V1V2_1.00u", "value": "KEYSW", "mount_type": "smt"}, {"pos_x": 151.548248, "pos_y": -114.982231, "rotation": -1.0, "side": "top", "designator": "K_10", "mpn": null, "pack": "SW_Hotswap_Kailh_Choc_V1V2_1.00u", "value": "KEYSW", "mount_type": "smt"}, {"pos_x": 81.605394, "pos_y": -76.474175, "rotation": 2.0, "side": "top", "designator": "K_45", "mpn": null, "pack": "SW_Hotswap_Kailh_Choc_V1V2_1.00u", "value": "KEYSW", "mount_type": "smt"}, {"pos_x": 252.071832, "pos_y": -101.237151, "rotation": 86.0, "side": "bottom", "designator": "D_32", "mpn": null, "pack": "D_SOD-123", "value": "D", "mount_type": "smt"}, {"pos_x": 163.378325, "pos_y": -135.76586, "rotation": 89.0, "side": "bottom", "designator": "D_11", "mpn": null, "pack": "D_SOD-123", "value": "D", "mount_type": "smt"}, {"pos_x": 231.69951, "pos_y": -119.481993, "rotation": 86.0, "side": "bottom", "designator": "D_33", "mpn": null, "pack": "D_SOD-123", "value": "D", "mount_type": "smt"}, {"pos_x": 178.822881, "pos_y": -116.046826, "rotation": 88.0, "side": "bottom", "designator": "D_16", "mpn": null, "pack": "D_SOD-123", "value": "D", "mount_type": "smt"}, {"pos_x": 95.57253, "pos_y": -56.162356, "rotation": 92.0, "side": "bottom", "designator": "D_44", "mpn": null, "pack": "D_SOD-123", "value": "D", "mount_type": "smt"}, {"pos_x": 134.569701, "pos_y": -55.653902, "rotation": 90.0, "side": "bottom", "designator": "D_1", "mpn": null, "pack": "D_SOD-123", "value": "D", "mount_type": "smt"}, {"pos_x": 108.928095, "pos_y": -75.579189, "rotation": 91.0, "side": "bottom", "designator": "D_51", "mpn": null, "pack": "D_SOD-123", "value": "D", "mount_type": "smt"}, {"pos_x": 159.547029, "pos_y": -115.121851, "rotation": 89.0, "side": "bottom", "designator": "D_10", "mpn": null, "pack": "D_SOD-123", "value": "D", "mount_type": "smt"}, {"pos_x": 147.8513, "pos_y": -75.668723, "rotation": 89.0, "side": "bottom", "designator": "D_8", "mpn": null, "pack": "D_SOD-123", "value": "D", "mount_type": "smt"}, {"pos_x": 101.250815, "pos_y": -115.055062, "rotation": 92.0, "side": "bottom", "designator": "D_47", "mpn": null, "pack": "D_SOD-123", "value": "D", "mount_type": "smt"}, {"pos_x": 192.101606, "pos_y": -97.33078, "rotation": 87.0, "side": "bottom", "designator": "D_22", "mpn": null, "pack": "D_SOD-123", "value": "D", "mount_type": "smt"}, {"pos_x": 70.088643, "pos_y": -76.751693, "rotation": 93.0, "side": "bottom", "designator": "D_40", "mpn": null, "pack": "D_SOD-123", "value": "D", "mount_type": "smt"}, {"pos_x": 256.271032, "pos_y": -41.18579, "rotation": 86.0, "side": "bottom", "designator": "D_26", "mpn": null, "pack": "D_SOD-123", "value": "D", "mount_type": "smt"}, {"pos_x": 120.660297, "pos_y": -114.623381, "rotation": 91.0, "side": "bottom", "designator": "D_53", "mpn": null, "pack": "D_SOD-123", "value": "D", "mount_type": "smt"}, {"pos_x": 133.617201, "pos_y": -95.087402, "rotation": 90.0, "side": "bottom", "designator": "D_3", "mpn": null, "pack": "D_SOD-123", "value": "D", "mount_type": "smt"}, {"pos_x": 218.263842, "pos_y": -38.528068, "rotation": 86.0, "side": "bottom", "designator": "D_24", "mpn": null, "pack": "D_SOD-123", "value": "D", "mount_type": "smt"}, {"pos_x": 112.026033, "pos_y": -34.751905, "rotation": 91.0, "side": "bottom", "designator": "D_49", "mpn": null, "pack": "D_SOD-123", "value": "D", "mount_type": "smt"}, {"pos_x": 140.284701, "pos_y": -114.899402, "rotation": 90.0, "side": "bottom", "designator": "D_4", "mpn": null, "pack": "D_SOD-123", "value": "D", "mount_type": "smt"}, {"pos_x": 153.029192, "pos_y": -95.574121, "rotation": 89.0, "side": "bottom", "designator": "D_9", "mpn": null, "pack": "D_SOD-123", "value": "D", "mount_type": "smt"}, {"pos_x": 115.058342, "pos_y": -55.657167, "rotation": 91.0, "side": "bottom", "designator": "D_50", "mpn": null, "pack": "D_SOD-123", "value": "D", "mount_type": "smt"}, {"pos_x": 167.443366, "pos_y": -76.191909, "rotation": 88.0, "side": "bottom", "designator": "D_14", "mpn": null, "pack": "D_SOD-123", "value": "D", "mount_type": "smt"}, {"pos_x": 192.453245, "pos_y": -57.861593, "rotation": 87.0, "side": "bottom", "designator": "D_19", "mpn": null, "pack": "D_SOD-123", "value": "D", "mount_type": "smt"}, {"pos_x": 254.809285, "pos_y": -62.089745, "rotation": 86.0, "side": "bottom", "designator": "D_28", "mpn": null, "pack": "D_SOD-123", "value": "D", "mount_type": "smt"}, {"pos_x": 191.847765, "pos_y": -36.655341, "rotation": 87.0, "side": "bottom", "designator": "D_18", "mpn": null, "pack": "D_SOD-123", "value": "D", "mount_type": "smt"}, {"pos_x": 230.330783, "pos_y": -139.055696, "rotation": 86.0, "side": "bottom", "designator": "D_36", "mpn": null, "pack": "D_SOD-123", "value": "D", "mount_type": "smt"}, {"pos_x": 92.359571, "pos_y": -35.116164, "rotation": 92.0, "side": "bottom", "designator": "D_43", "mpn": null, "pack": "D_SOD-123", "value": "D", "mount_type": "smt"}, {"pos_x": 211.327188, "pos_y": -137.726835, "rotation": 86.0, "side": "bottom", "designator": "D_35", "mpn": null, "pack": "D_SOD-123", "value": "D", "mount_type": "smt"}, {"pos_x": 138.379701, "pos_y": -135.282902, "rotation": 90.0, "side": "bottom", "designator": "D_5", "mpn": null, "pack": "D_SOD-123", "value": "D", "mount_type": "smt"}, {"pos_x": 96.549543, "pos_y": -135.996391, "rotation": 92.0, "side": "bottom", "designator": "D_48", "mpn": null, "pack": "D_SOD-123", "value": "D", "mount_type": "smt"}, {"pos_x": 206.074733, "pos_y": -78.223892, "rotation": 87.0, "side": "bottom", "designator": "D_21", "mpn": null, "pack": "D_SOD-123", "value": "D", "mount_type": "smt"}, {"pos_x": 223.566439, "pos_y": -99.243859, "rotation": 86.0, "side": "bottom", "designator": "D_31", "mpn": null, "pack": "D_SOD-123", "value": "D", "mount_type": "smt"}, {"pos_x": 114.032312, "pos_y": -95.114584, "rotation": 91.0, "side": "bottom", "designator": "D_52", "mpn": null, "pack": "D_SOD-123", "value": "D", "mount_type": "smt"}, {"pos_x": 223.928443, "pos_y": -59.930346, "rotation": 86.0, "side": "bottom", "designator": "D_27", "mpn": null, "pack": "D_SOD-123", "value": "D", "mount_type": "smt"}, {"pos_x": 250.703105, "pos_y": -120.810854, "rotation": 86.0, "side": "bottom", "designator": "D_34", "mpn": null, "pack": "D_SOD-123", "value": "D", "mount_type": "smt"}, {"pos_x": 89.60052, "pos_y": -76.194979, "rotation": 92.0, "side": "bottom", "designator": "D_45", "mpn": null, "pack": "D_SOD-123", "value": "D", "mount_type": "smt"}, {"pos_x": 128.473701, "pos_y": -75.465902, "rotation": 90.0, "side": "bottom", "designator": "D_2", "mpn": null, "pack": "D_SOD-123", "value": "D", "mount_type": "smt"}, {"pos_x": 205.257466, "pos_y": -117.477916, "rotation": 87.0, "side": "bottom", "designator": "D_23", "mpn": null, "pack": "D_SOD-123", "value": "D", "mount_type": "smt"}, {"pos_x": 152.94029, "pos_y": -35.17487, "rotation": 89.0, "side": "bottom", "designator": "D_6", "mpn": null, "pack": "D_SOD-123", "value": "D", "mount_type": "smt"}, {"pos_x": 81.854619, "pos_y": -115.622681, "rotation": 93.0, "side": "bottom", "designator": "D_42", "mpn": null, "pack": "D_SOD-123", "value": "D", "mount_type": "smt"}, {"pos_x": 186.209474, "pos_y": -136.51008, "rotation": 88.0, "side": "bottom", "designator": "D_17", "mpn": null, "pack": "D_SOD-123", "value": "D", "mount_type": "smt"}, {"pos_x": 172.47676, "pos_y": -35.766445, "rotation": 88.0, "side": "bottom", "designator": "D_12", "mpn": null, "pack": "D_SOD-123", "value": "D", "mount_type": "smt"}, {"pos_x": 237.267437, "pos_y": -39.856929, "rotation": 86.0, "side": "bottom", "designator": "D_25", "mpn": null, "pack": "D_SOD-123", "value": "D", "mount_type": "smt"}, {"pos_x": 94.473748, "pos_y": -95.658262, "rotation": 92.0, "side": "bottom", "designator": "D_46", "mpn": null, "pack": "D_SOD-123", "value": "D", "mount_type": "smt"}, {"pos_x": 173.078129, "pos_y": -56.755219, "rotation": 88.0, "side": "bottom", "designator": "D_13", "mpn": null, "pack": "D_SOD-123", "value": "D", "mount_type": "smt"}, {"pos_x": 229.686065, "pos_y": -80.002372, "rotation": 86.0, "side": "bottom", "designator": "D_29", "mpn": null, "pack": "D_SOD-123", "value": "D", "mount_type": "smt"}, {"pos_x": 74.930302, "pos_y": -96.337141, "rotation": 93.0, "side": "bottom", "designator": "D_41", "mpn": null, "pack": "D_SOD-123", "value": "D", "mount_type": "smt"}, {"pos_x": 253.440559, "pos_y": -81.663448, "rotation": 86.0, "side": "bottom", "designator": "D_30", "mpn": null, "pack": "D_SOD-123", "value": "D", "mount_type": "smt"}, {"pos_x": 72.711037, "pos_y": -35.791313, "rotation": 93.0, "side": "bottom", "designator": "D_38", "mpn": null, "pack": "D_SOD-123", "value": "D", "mount_type": "smt"}, {"pos_x": 133.617201, "pos_y": -34.698902, "rotation": 90.0, "side": "bottom", "designator": "D_0", "mpn": null, "pack": "D_SOD-123", "value": "D", "mount_type": "smt"}, {"pos_x": 186.860601, "pos_y": -77.216922, "rotation": 87.0, "side": "bottom", "designator": "D_20", "mpn": null, "pack": "D_SOD-123", "value": "D", "mount_type": "smt"}, {"pos_x": 172.653839, "pos_y": -96.197939, "rotation": 88.0, "side": "bottom", "designator": "D_15", "mpn": null, "pack": "D_SOD-123", "value": "D", "mount_type": "smt"}, {"pos_x": 76.100574, "pos_y": -56.788194, "rotation": 93.0, "side": "bottom", "designator": "D_39", "mpn": null, "pack": "D_SOD-123", "value": "D", "mount_type": "smt"}, {"pos_x": 153.717401, "pos_y": -56.146627, "rotation": 89.0, "side": "bottom", "designator": "D_7", "mpn": null, "pack": "D_SOD-123", "value": "D", "mount_type": "smt"}, {"pos_x": 249.334379, "pos_y": -140.384557, "rotation": 86.0, "side": "bottom", "designator": "D_37", "mpn": null, "pack": "D_SOD-123", "value": "D", "mount_type": "smt"}]